Keyword,Frequency
رئيس,1345
المشروع,1275
الوطني,1148
الدولة,983
المجلس,952
الوطنية,913
القانون,698
العامة,688
مجلس,587
الجزائري,520
الحقوق,501
الجزائر,500
الجمهورية,484
المحكمة,472
وفصل,423
الحكومة,418
السلطة,385
المجتمع,370
الدستورية,361
الشعبي,351
الأمة,349
الأساسية,343
حركة,316
الأعلى,309
والواجبات,309
صياغة,301
إعادة,287
والمريات,279
الدستور,274
الجزائرية,268
العليا,263
التأسيس,245
قيد,244
العام,241
المنظمة,241
الجزائريين,236
المبادئ,224
الاتحاد,223
الد,221
الشعب,216
المستقلة,214
أعضاء,213
تحكم,209
ولاية,208
الحق,208
حالة,206
النظام,205
السلصطات,205
عدم,203
جبهة,201
الجمهوري,200
إلغاء,200
السياسية,197
يحدد,191
نائب,191
عبارة,190
قانون,180
السلضصات,180
والعمل,179
الدستوري,178
كالتالي,177
جامعة,177
العمومية,177
إطار,176
ممارسة,173
حرية,172
للانتخابات,170
المدني,167
البند,165
للقضاء,163
السلطات,153
السيد,153
مادة,148
التحرير,147
حماية,147
اضافة,146
الرئيس,141
طرف,141
أمل,140
الحكم,140
المتعلقة,139
أجل,139
لرئيس,138
تجمع,136
محمد,135
النص,133
للعلم,132
البيئة,130
الس,129
احترام,129
السلم,128
استبدال,126
تعمل,126
المواطنين,126
جميع,122
القوانين,121
منصب,121
الفساد,119
البناء,118
للدولة,118
الشعبية,116
لكل,116
يعين,116
كلمة,115
أول,115
اللغة,115
يجب,115
دعل,114
العربية,114
جههة,113
الشباب,113
جهة,113
يكون,111
قبل,109
دعا,108
الإنسان,107
الجيش,106
ضمان,106
الجمعية,105
عضو,104
عضوي,103
المنتدى,102
المواد,102
مجتمع,101
القاضي,100
ضمن,99
للعمال,98
تضمن,98
بيان,97
الأول,97
مبدأ,97
الفصل,97
القضائية,97
كلية,96
العمل,96
ولة,96
الجمبورية,95
الوطن,95
ينتخب,95
السيادة,94
دسترة,94
الى,94
حسب,93
انتخاب,93
الدين,92
اعادة,92
خلال,92
الخي,92
حول,91
وفي,91
الخاصة,91
كيفيات,91
سنوات,91
وطنية,90
الشعي,90
الراشد,89
أحمد,87
واحدة,87
النحو,87
الجديدة,86
تعيين,85
الش,84
غرداية,84
جمعية,83
جديدة,83
الوسيط,82
نوفمبر,82
صياغتها,82
عمار,82
البرلان,82
رفض,81
الأغلبية,81
طريق,80
تطبيق,80
الشروط,80
البرلمان,80
التجمع,79
لحقوق,79
القضاء,79
أحكام,79
الاجتماعية,78
الت,78
المحاسبة,78
ترقية,77
يعاقب,77
رئاسة,77
تعديلها,76
الجميورية,76
المؤسسات,76
الوظائف,76
العدالة,75
الانتخابات,75
المادتان,74
التعليم,74
مواطن,73
تكون,73
يضمن,73
وعلى,73
البلديات,73
يجوز,73
البرلمانية,73
بناء,72
عمل,71
الجنسية,71
السيامي,70
الشعانبة,70
الحالة,70
تشكيلة,70
إدراج,69
تحت,69
الأخرى,69
إنشاء,69
للشباب,69
صالح,68
الحياة,68
أخرى,68
شروط,68
العضوي,68
طالب,67
تسهر,67
تمييز,67
خاص,67
أستاذ,66
المساس,66
عليها,65
تعدل,65
بموجب,65
علها,64
مبادئ,64
الخاص,64
مضمونة,64
العربي,63
خارج,63
القضاة,63
بكل,62
يوما,62
المساواة,62
التنمية,62
الحسين,61
للسلم,61
العمومي,61
تحديد,60
ومجلس,60
يتولى,60
يمارس,60
بلقاسم,59
لعمش,59
يتم,59
الأحكام,59
الأعضاء,58
متليلي,57
ستور,57
مهامه,57
الإدارية,57
المادتين,57
الانتخاب,57
التعديل,57
والعلوم,56
الحركة,56
بوضياف,56
الحفاظ,56
الدولية,56
أمام,56
أشكال,56
تغيير,56
الأحزاب,56
وكذا,55
مصطلح,55
يعد,55
الأشخاص,55
برنامج,55
الله,54
حقوق,54
وتنمية,54
المحلية,54
الشلف,54
مضمون,54
الديمقراطي,53
ضبط,53
لتصبح,53
تقييد,53
بأغلبية,53
نوفمير,52
الحراك,52
المنصوص,52
المجالس,52
العبادات,52
لصياغة,52
دولة,51
اعتماد,51
مختلف,51
ضرورة,51
الخارج,51
خاصة,51
نال,51
عبر,50
الأمن,50
ياسين,50
للمجلس,50
تخصيص,50
الكرامة,50
ورئيس,50
للفقرة,49
والي,49
الوادي,49
التشريعية,49
المجال,49
الرسمية,49
الديموقراطي,48
الجمبوري,48
النظر,48
جوان,48
وفق,48
القانونية,48
الباب,48
المالية,48
والحريات,48
أعلاه,48
الأم,48
الرئاسية,48
جريدة,47
للمجتمع,47
طبقا,47
نهم,47
استعمال,47
البلاد,47
للمادة,47
المانع,47
كان,46
لمكافحة,46
دمج,46
المتعلق,46
شخص,46
يتمتع,46
الرقابة,46
الرأي,46
استشارة,46
معسكر,45
قابلة,45
الوحدة,45
التالية,45
الفقرتين,45
نظام,45
الولائية,45
سابق,45
يحد,45
قرار,45
مدة,45
ثلاثة,45
الوزراء,45
الديباجة,44
والتنمية,44
تحقيق,44
الدينية,44
هيئة,44
الفقرات,44
الأولى,44
شرط,44
التعيين,44
الل,43
الطلبة,43
سنة,43
اللجنة,43
الاقتصادية,43
لغة,43
علي,43
العلمي,43
الثانية,43
المشاركة,43
لترقية,42
مشعل,42
كانت,42
عزم,42
مؤسسات,42
التالي,42
الأسرة,42
طلب,42
الانتخابية,42
بالنسبة,42
يحددها,42
قضاة,42
وجوبا,42
مدتها,42
الإسلام,41
للذاكرة,41
العزيز,41
الحرية,41
مشاركة,41
منظمة,41
البريلان,41
النواب,41
أحد,41
مجال,41
بنظام,41
النائب,41
خمسة,41
أعضائه,41
الانسان,40
الأستاذ,40
وطني,40
الشؤون,40
الاجتماعي,40
نقل,40
بدون,40
يمنع,40
الاقتصادي,40
يتعلق,40
التصريح,40
للقضباء,40
الحرب,39
الاتفاقيات,39
فقط,39
لأن,39
التنفيذية,39
توضيح,39
أساس,39
تكفل,39
الجمعيات,39
مكتب,39
واقتراح,38
وزارة,38
وحدة,38
دستور,38
بشكل,38
موافقة,38
تقوم,38
دين,38
داخل,38
وجود,38
حياد,38
العدل,38
الفكري,38
للأمن,38
الديمقراطية,37
لجنة,37
الأجيال,37
المحامين,37
تولي,37
مساس,37
المهام,37
الحالات,37
الاستثنائية,37
الصحافة,37
الغرفتين,37
عضوا,37
الإسلامي,36
وهي,36
والتاريخ,36
والتراث,36
الدستوربة,36
المحددة,36
حذفها,36
المحافظة,36
الإدارة,36
الأمازيغية,36
عليا,36
صلاحيات,36
تمديد,36
الشهاب,35
بوقرة,35
العلمية,35
الحريات,35
بذلك,35
بدل,35
تسيير,35
المعاهدات,35
مستوى,35
والثقافية,35
عمليات,35
ذوي,35
التشريع,35
اعتبار,35
تحذف,35
كعل,35
للقانون,35
الجماعات,35
دعم,35
العبدة,35
مشاريع,35
شغور,35
المسائل,35
واحد,34
ثورة,34
تعزيز,34
كاملة,34
الدفاع,34
الأمم,34
معتمد,34
وفقا,34
والاجتماعية,34
بسبب,34
رفع,34
مهام,34
التربية,34
بند,34
لولاية,34
البيئات,34
الاستفتاء,34
الغاء,34
العالي,34
لأي,34
الصحية,34
العبادة,34
مشروع,33
تعد,33
والمجتمع,33
للعمل,33
استقلالية,33
جزائري,33
الاعلاميين,33
استبعاد,33
وترقية,33
أعلى,33
تلمسان,33
المواطنة,33
النقابة,33
المناصب,33
إجراء,33
الظروف,33
الثالث,33
وظيفة,33
البليدة,33
الأقل,33
لرئاسة,33
البرمانية,33
مناقشة,33
نفس,32
الأساسي,32
المستقبل,32
تأسيس,32
الخصوص,32
يتعين,32
مستقلة,32
التجديد,32
شين,32
الوسائل,32
محام,32
السلام,32
الأكاديمية,32
يخص,32
مكرر,32
يقترح,32
زبدان,32
سيامي,32
الشعيي,32
وزير,32
لاقتراح,32
أعضباء,32
وليس,31
تقرير,31
الوطنيء,31
بدلا,31
فكرة,31
لأنها,31
سلطة,31
الر,31
المصالح,31
الإبقاء,31
تمازيغت,31
بطلب,31
بشأن,31
الوط,31
الاستقلالية,31
قوانين,31
لمدة,31
عشر,31
الثقافي,30
بإضافة,30
تكريس,30
المؤسسة,30
الخارجية,30
اطار,30
آخر,30
تاريخ,30
الأسامي,30
اسيا,30
الاسلامي,30
للحكومة,30
القواعد,30
الكفاءات,30
مراعاة,30
إمكانية,30
رأي,30
بغرفتيه,30
المرأة,30
يقرر,30
اليمين,30
يقدم,30
للمحكمة,30
لعبدة,30
ينتخبون,30
الانفتاح,29
الرابطة,29
ورقلة,29
تمارس,29
العنف,29
تحفظ,29
البحث,29
الإقليمية,29
انتخابات,29
توفير,29
ععل,29
سراج,29
الأمل,29
كمال,29
عزري,29
الزين,29
بأي,29
التراب,29
تحدد,29
بهذه,29
لجميع,29
الإداري,29
للسلطة,29
بمقتضى,29
الطابع,29
للشروط,29
للتجديد,29
استقالة,29
القادر,28
البركة,28
الاسلامية,28
لأنه,28
أيضا,28
بسكرة,28
حكم,28
يؤدي,28
تشجع,28
منتخب,28
السياسي,28
المبينة,28
وتمارس,28
بكرامة,28
عدد,28
الحديثة,27
للأمة,27
الإشارة,27
الاعتراض,27
المجالات,27
الثاني,27
المتحدة,27
إقتراح,27
دستورية,27
مجالها,27
الثلث,27
القادمة,27
الآتي,27
للمواطنة,27
استعمالها,27
يحظر,27
الماد,27
يعي,27
أعمال,27
جواز,27
بدراني,27
نائبا,27
لمواد,27
وأعضاء,27
أعضائها,27
للتغيير,26
بداية,26
للجزائر,26
الن,26
خدمة,26
ممع,26
بوجمعة,26
باعتبارها,26
بمجرد,26
تحمي,26
لاع,26
مجهول,26
المنتخب,26
ناه,26
الحدود,26
ياسي,26
المبادرة,26
يعرض,26
ممثلين,26
الميادين,25
الاصلاح,25
عين,25
يادة,25
يعبر,25
المصادقة,25
الدولي,25
المدنية,25
التربوية,25
بحكم,25
حمزة,25
والشغل,25
مباشرة,25
الا,25
يخضع,25
وحدات,25
لمادة,25
عنوان,25
إخطار,25
الاقتراع,25
الجمهوربة,25
أقصاها,25
غرفة,25
يوم,24
الرئاسي,24
المطلقة,24
شكل,24
وضمان,24
الطبيعية,24
الدول,24
لمتقاعدي,24
السامية,24
للغة,24
ريطاب,24
للد,24
الإجراءات,24
بالمجلس,24
أداء,24
دحمان,24
عمر,24
وأن,24
شخصيات,24
الجمع,24
تتمتع,24
تسبر,24
منح,24
توسيع,24
تقديم,24
يحمي,24
بقرار,24
السادس,24
خمس,24
ادراج,23
باعتباره,23
تنص,23
التى,23
لحماية,23
الواردة,23
عنها,23
إضبافة,23
الي,23
اختيار,23
لطات,23
رقابة,23
اقتراحات,23
يمثل,23
ميلود,23
بشار,23
يمس,23
باقتراح,23
ركم,23
نعيمي,23
الأملاك,23
بحماية,23
حالات,23
بال,23
أقصاه,23
التنظيمية,23
يصدر,23
المباشر,23
الحصانة,23
العلاج,23
البرلانية,23
المترشح,23
يرأس,23
الأصوات,23
يختارون,23
يلى,22
التاريخ,22
نقطة,22
الإسلامية,22
ندوة,22
الثورة,22
قسم,22
جعل,22
التمييز,22
محل,22
تتضمن,22
تسمية,22
بالعمل,22
ومكافحته,22
الشفافية,22
تعتبر,22
القضبائية,22
الداخلي,22
وحماية,22
القائمة,22
يصادق,22
الحزب,22
حنافي,22
توفيق,22
نايلي,22
لصحفيين,22
كلغة,22
لأحكام,22
غرفتي,22
حدود,22
المواطن,22
مؤسسة,22
الفعلية,22
التمتع,22
المصلحة,22
جامعي,22
جديد,22
حفظ,22
إرسال,22
حكومة,22
الأطفال,22
الاجتماع,22
لتولي,22
مزدوجي,22
للقضاة,22
برئيس,22
وفاته,22
الشغور,22
المناقشة,22
تتشكل,22
بالاستقلالية,22
الحر,21
تلتزم,21
جراد,21
نداء,21
الإتحاد,21
ملك,21
والمصالحة,21
جمال,21
الوقاية,21
الفرص,21
مسألة,21
الغرفة,21
الأمانة,21
والاقتصادية,21
كمه,21
زكرياء,21
عائشة,21
محجوب,21
والتعليم,21
ثلثي,21
ويمكن,21
المنتخبين,21
الملكية,21
التدابير,21
الملائمة,21
العادي,21
عامة,21
تدخل,21
الأعمال,21
المعتقد,21
للنظر,21
ظروف,21
القضائي,21
الإخطار,21
عشرة,21
حصول,21
العلياء,21
صلاحية,21
حرب,20
مجموعة,20
وضع,20
الشهداء,20
لاتحاد,20
تنفيذ,20
الوطنى,20
عنه,20
والمقاولين,20
الحماية,20
الآني,20
تظل,20
يعتبر,20
الشريعة,20
رموز,20
حسين,20
لتعديل,20
تمنراست,20
الثقافية,20
بوزيدي,20
للمؤسسات,20
البلدية,20
فيصل,20
عدة,20
الرجوع,20
جودة,20
القرارات,20
الخدمات,20
كرامة,20
تعرض,20
الشخصيات,20
أماكن,20
محامي,20
ويمارس,20
القضباء,20
التعليمية,20
اشتراط,20
منهم,20
البرمان,20
التصويت,20
صلاحياته,20
واستشارة,20
سيادة,19
للتعديل,19
أودان,19
بوغوفالة,19
وبعد,19
وقوانين,19
والتي,19
السيدة,19
صويلح,19
الص,19
للمرأة,19
المستدامة,19
الفئات,19
ندم,19
الإرهاب,19
الاحتياجات,19
النصوص,19
مجبول,19
لضحايا,19
تلزم,19
جريمة,19
فوزي,19
الجبات,19
منع,19
بصفة,19
المسيلة,19
أغلبية,19
يقر,19
المنتخبة,19
بكلمة,19
سبب,19
المرتبطة,19
موزعين,19
بنفس,19
وعدم,19
قواعد,19
تمكين,19
دها,19
الأموال,19
الطاهر,19
حال,19
الخدمة,19
وكذلك,19
ثلاث,19
حرمة,19
التوقيف,19
معترف,19
سلامة,19
دائمة,19
الآتية,19
انتخابه,19
تجتمع,19
يجتمع,19
بالنيابة,19
قرارات,19
اثنان,19
تمع,18
الأساتذة,18
مصيرها,18
المجيد,18
يوسف,18
الوطي,18
الابقاء,18
ثوابت,18
سلميا,18
ترجمة,18
تحالف,18
دور,18
سبيل,18
بهذا,18
الأمر,18
يتعارض,18
وحقوق,18
بوقادوم,18
يكلف,18
سعيدة,18
الثالثة,18
وسائل,18
القومي,18
سات,18
الجمهورتة,18
التجارة,18
وقيم,18
تافليس,18
جازية,18
إلزام,18
لمر,18
جرة,18
ولايات,18
عضوية,18
المي,18
قانونا,18
الاستعمال,18
كيفية,18
متتاليتين,18
إصدار,18
للجيش,18
الضمانات,18
للأشخاص,18
فورا,18
الشخص,18
مهمة,18
الطوارئ,18
الكفاءة,18
